41276.00,1462.42
41277.00,1459.37
41278.00,1466.47
41281.00,1461.89
41282.00,1457.15
41283.00,1461.02
41284.00,1472.12
41285.00,1472.05
41288.00,1470.68
41289.00,1472.34
41290.00,1472.63
41291.00,1480.94
41292.00,1485.98
41295.00,0
41296.00,1492.56
41297.00,1494.81
41298.00,1494.82
41299.00,1502.96
41302.00,1500.18
41303.00,1507.84
41304.00,1501.96
41305.00,1498.11
41306.00,1513.17
41309.00,1495.71
41310.00,1511.29
41311.00,1512.12
41312.00,1509.39
41313.00,1517.93
41316.00,1517.01
41317.00,1519.43
41318.00,1520.33
41319.00,1521.38
41320.00,1519.79
41323.00,0
41324.00,1530.94
41325.00,1511.95
41326.00,1502.42
41327.00,1515.6
41330.00,1487.85
41331.00,1496.94
41332.00,1515.99
41333.00,1514.68
41334.00,1518.2
41337.00,1525.2
41338.00,1539.79
41339.00,1541.46
41340.00,1544.26
41341.00,1551.18
41344.00,1556.22
41345.00,1552.48
41346.00,1554.52
41347.00,1563.23
41348.00,1560.7
41351.00,1552.1
41352.00,1548.34
41353.00,1558.71
41354.00,1545.8
41355.00,1556.89
41358.00,1551.69
41359.00,1563.77
41360.00,1562.85
41361.00,1569.19
41362.00,0
41365.00,1562.17
41366.00,1570.25
41367.00,1553.69
41368.00,1559.98
41369.00,1553.28
41372.00,1563.07
41373.00,1568.61
41374.00,1587.73
41375.00,1593.37
41376.00,1588.85
41379.00,1552.36
41380.00,1574.57
41381.00,1552.01
41382.00,1541.61
41383.00,1555.25
41386.00,1562.5
41387.00,1578.78
41388.00,1578.79
41389.00,1585.16
41390.00,1582.24
41393.00,1593.61
41394.00,1597.57
41395.00,1582.7
41396.00,1597.59
41397.00,1614.42
41400.00,1617.5
41401.00,1625.96
41402.00,1632.69
41403.00,1626.67
41404.00,1633.7
41407.00,1633.77
41408.00,1650.34
41409.00,1658.78
41410.00,1650.47
41411.00,1667.47
41414.00,1666.29
41415.00,1669.16
41416.00,1655.35
41417.00,1650.51
41418.00,1649.6
41421.00,0
41422.00,1660.06
41423.00,1648.36
41424.00,1654.41
41425.00,1630.74
41428.00,1640.42
41429.00,1631.38
41430.00,1608.9
41431.00,1622.56
41432.00,1643.38
41435.00,1642.81
41436.00,1626.13
41437.00,1612.52
41438.00,1636.36
41439.00,1626.73
41442.00,1639.04
41443.00,1651.81
41444.00,1628.93
41445.00,1588.19
41446.00,1592.43
41449.00,1573.09
41450.00,1588.03
41451.00,1603.26
41452.00,1613.2
41453.00,1606.28
41456.00,1614.96
41457.00,1614.08
41458.00,1615.41
41459.00,0
41460.00,1631.89
41463.00,1640.46
41464.00,1652.32
41465.00,1652.62
41466.00,1675.02
41467.00,1680.19
41470.00,1682.5
41471.00,1676.26
41472.00,1680.91
41473.00,1689.37
41474.00,1692.09
41477.00,1695.53
41478.00,1692.39
41479.00,1685.94
41480.00,1690.25
41481.00,1691.65
41484.00,1685.33
41485.00,1685.96
41486.00,1685.73
41487.00,1706.87
41488.00,1709.67
41491.00,1707.14
41492.00,1697.37
41493.00,1690.91
41494.00,1697.48
41495.00,1691.42
41498.00,1689.47
41499.00,1694.16
41500.00,1685.39
41501.00,1661.32
41502.00,1655.83
41505.00,1646.06
41506.00,1652.35
41507.00,1642.8
41508.00,1656.96
41509.00,1663.5
41512.00,1656.78
41513.00,1630.48
41514.00,1634.96
41515.00,1638.17
41516.00,1632.97
41519.00,0
41520.00,1639.77
41521.00,1653.08
41522.00,1655.08
41523.00,1655.17
41526.00,1671.71
41527.00,1683.99
41528.00,1689.13
41529.00,1683.42
41530.00,1687.99
41533.00,1697.6
41534.00,1704.76
41535.00,1725.52
41536.00,1722.34
41537.00,1709.91
41540.00,1701.84
41541.00,1697.42
41542.00,1692.77
41543.00,1698.67
41544.00,1691.75
41547.00,1681.55
41548.00,1695
41549.00,1693.87
41550.00,1678.66
41551.00,1690.5
41554.00,1676.12
41555.00,1655.45
41556.00,1656.4
41557.00,1692.56
41558.00,1703.2
41561.00,1710.14
41562.00,1698.06
41563.00,1721.54
41564.00,1733.15
41565.00,1744.5
41568.00,1744.66
41569.00,1754.67
41570.00,1746.38
41571.00,1752.07
41572.00,1759.77
41575.00,1762.11
41576.00,1771.95
41577.00,1763.31
41578.00,1756.54
41579.00,1761.64
41582.00,1767.93
41583.00,1762.97
41584.00,1770.49
41585.00,1747.15
41586.00,1770.61
41589.00,1771.89
41590.00,1767.69
41591.00,1782
41592.00,1790.62
41593.00,1798.18
41596.00,1791.53
41597.00,1787.87
41598.00,1781.37
41599.00,1795.85
41600.00,1804.76
41603.00,1802.48
41604.00,1802.75
41605.00,1807.23
41606.00,0
41607.00,1805.81
41610.00,1800.9
41611.00,1795.15
41612.00,1792.81
41613.00,1785.03
41614.00,1805.09
41617.00,1808.37
41618.00,1802.62
41619.00,1782.22
41620.00,1775.5
41621.00,1775.32
41624.00,1786.54
41625.00,1781
41626.00,1810.65
41627.00,1809.6
41628.00,1818.32
41631.00,1827.99
41632.00,1833.32
41633.00,0
41634.00,1842.02
41635.00,1841.4
41638.00,1841.07
41639.00,1848.36
41640.00,0
41641.00,1831.98
41642.00,1831.37
41645.00,1826.77
41646.00,1837.88
41647.00,1837.49
41648.00,1838.13
41649.00,1842.37
41652.00,1819.2
41653.00,1838.88
41654.00,1848.38
41655.00,1845.89
41656.00,1838.7
41659.00,0
41660.00,1843.8
41661.00,1844.86
41662.00,1828.46
41663.00,1790.29
41666.00,1781.56
41667.00,1792.5
41668.00,1774.2
41669.00,1794.19
41670.00,1782.59
41673.00,1741.89
41674.00,1755.2
41675.00,1751.64
41676.00,1773.43
41677.00,1797.02
41680.00,1799.84
41681.00,1819.75
41682.00,1819.26
41683.00,1829.83
41684.00,1838.63
41687.00,0
41688.00,1840.76
41689.00,1828.75
41690.00,1839.78
41691.00,1836.25
41694.00,1847.61
41695.00,1845.12
41696.00,1845.16
41697.00,1854.29
41698.00,1859.45
41701.00,1845.73
41702.00,1873.91
41703.00,1873.81
41704.00,1877.03
41705.00,1878.04
41708.00,1877.17
41709.00,1867.63
41710.00,1868.2
41711.00,1846.34
41712.00,1841.13
41715.00,1858.83
41716.00,1872.25
41717.00,1860.77
41718.00,1872.01
41719.00,1866.52
41722.00,1857.44
41723.00,1865.62
41724.00,1852.56
41725.00,1849.04
41726.00,1857.62
41729.00,1872.34
41730.00,1885.52
41731.00,1890.9
41732.00,1888.77
41733.00,1865.09
41736.00,1845.04
41737.00,1851.96
41738.00,1872.18
41739.00,1833.08
41740.00,1815.69
41743.00,1830.61
41744.00,1842.98
41745.00,1862.31
41746.00,1864.85
41747.00,0
41750.00,1871.89
41751.00,1879.55
41752.00,1875.39
41753.00,1878.61
41754.00,1863.4
41757.00,1869.43
41758.00,1878.33
41759.00,1883.95
41760.00,1883.68
41761.00,1881.14
41764.00,1884.66
41765.00,1867.72
41766.00,1878.21
41767.00,1875.63
41768.00,1878.48
41771.00,1896.65
41772.00,1897.45
41773.00,1888.53
41774.00,1870.85
41775.00,1877.86
41778.00,1885.08
41779.00,1872.83
41780.00,1888.03
41781.00,1892.49
41782.00,1900.53
41785.00,0
41786.00,1911.91
41787.00,1909.78
41788.00,1920.03
41789.00,1923.57
41792.00,1924.97
41793.00,1924.24
41794.00,1927.88
41795.00,1940.46
41796.00,1949.44
41799.00,1951.27
41800.00,1950.79
41801.00,1943.89
41802.00,1930.11
41803.00,1936.16
41806.00,1937.78
41807.00,1941.99
41808.00,1956.98
41809.00,1959.48
41810.00,1962.87
41813.00,1962.61
41814.00,1949.98
41815.00,1959.53
41816.00,1957.22
41817.00,1960.96
41820.00,1960.23
41821.00,1973.32
41822.00,1974.62
41823.00,1985.44
41824.00,0
41827.00,1977.65
41828.00,1963.71
41829.00,1972.83
41830.00,1964.68
41831.00,1967.57
41834.00,1977.1
41835.00,1973.28
41836.00,1981.57
41837.00,1958.12
41838.00,1978.22
41841.00,1973.63
41842.00,1983.53
41843.00,1987.01
41844.00,1987.98
41845.00,1978.34
41848.00,1978.91
41849.00,1969.95
41850.00,1970.07
41851.00,1930.67
41852.00,1925.15
41855.00,1938.99
41856.00,1920.21
41857.00,1920.24
41858.00,1909.57
41859.00,1931.59
41862.00,1936.92
41863.00,1933.75
41864.00,1946.72
41865.00,1955.18
41866.00,1955.06
41869.00,1971.74
41870.00,1981.6
41871.00,1986.51
41872.00,1992.37
41873.00,1988.4
41876.00,1997.92
41877.00,2000.02
41878.00,2000.12
41879.00,1996.74
41880.00,2003.37
41883.00,0
41884.00,2002.28
41885.00,2000.72
41886.00,1997.65
41887.00,2007.71
41890.00,2001.54
41891.00,1988.44
41892.00,1995.69
41893.00,1997.45
41894.00,1985.54
41897.00,1984.13
41898.00,1998.98
41899.00,2001.57
41900.00,2011.36
41901.00,2010.4
41904.00,1994.29
41905.00,1982.77
41906.00,1998.3
41907.00,1965.99
41908.00,1982.85
41911.00,1977.8
41912.00,1972.29
41913.00,1946.16
41914.00,1946.17
41915.00,1967.9
41918.00,1964.82
41919.00,1935.1
41920.00,1968.89
41921.00,1928.21
41922.00,1906.13
41925.00,1874.74
41926.00,1877.7
41927.00,1862.49
41928.00,1862.76
41929.00,1886.76
41932.00,1904.01
41933.00,1941.28
41934.00,1927.11
41935.00,1950.82
41936.00,1964.58
41939.00,1961.63
41940.00,1985.05
41941.00,1982.3
41942.00,1994.65
41943.00,2018.05
41946.00,2017.81
41947.00,2012.1
41948.00,2023.57
41949.00,2031.21
41950.00,2031.92
41953.00,2038.26
41954.00,2039.68
41955.00,2038.25
41956.00,2039.33
41957.00,2039.82
41960.00,2041.32
41961.00,2051.8
41962.00,2048.72
41963.00,2052.75
41964.00,2063.5
41967.00,2069.41
41968.00,2067.03
41969.00,2072.83
41970.00,0
41971.00,2067.56
41974.00,2053.44
41975.00,2066.55
41976.00,2074.33
41977.00,2071.92
41978.00,2075.37
41981.00,2060.31
41982.00,2059.82
41983.00,2026.14
41984.00,2035.33
41985.00,2002.33
41988.00,1989.63
41989.00,1972.74
41990.00,2012.89
41991.00,2061.23
41992.00,2070.65
41995.00,2078.54
41996.00,2082.17
41997.00,2081.88
41998.00,0
41999.00,2088.77
42002.00,2090.57
42003.00,2080.35
42004.00,2058.9
42005.00,0
42006.00,2058.2
42009.00,2020.58
42010.00,2002.61
42011.00,2025.9
42012.00,2062.14
42013.00,2044.81
42016.00,2028.26
42017.00,2023.03
42018.00,2011.27
42019.00,1992.67
42020.00,2019.42
42023.00,0
42024.00,2022.55
42025.00,2032.12
42026.00,2063.15
42027.00,2051.82
42030.00,2057.09
42031.00,2029.55
42032.00,2002.16
42033.00,2021.25
42034.00,1994.99
42037.00,2020.85
42038.00,2050.03
42039.00,2041.51
42040.00,2062.52
42041.00,2055.47
42044.00,2046.74
42045.00,2068.59
42046.00,2068.53
42047.00,2088.48
42048.00,2096.99
42051.00,0
42052.00,2100.34
42053.00,2099.68
42054.00,2097.45
42055.00,2110.3
42058.00,2109.66
42059.00,2115.48
42060.00,2113.86
42061.00,2110.74
42062.00,2104.5
42065.00,2117.39
42066.00,2107.78
42067.00,2098.53
42068.00,2101.04
42069.00,2071.26
42072.00,2079.43
42073.00,2044.16
42074.00,2040.24
42075.00,2065.95
42076.00,2053.4
42079.00,2081.19
42080.00,2074.28
42081.00,2099.5
42082.00,2089.27
42083.00,2108.1
42086.00,2104.42
42087.00,2091.5
42088.00,2061.05
42089.00,2056.15
42090.00,2061.02
42093.00,2086.24
42094.00,2067.89
42095.00,2059.69
42096.00,2066.96
42097.00,0
42100.00,2080.62
42101.00,2076.33
42102.00,2081.9
42103.00,2091.18
42104.00,2102.06
42107.00,2092.43
42108.00,2095.84
42109.00,2106.63
42110.00,2104.99
42111.00,2081.18
42114.00,2100.4
42115.00,2097.29
42116.00,2107.96
42117.00,2112.93
42118.00,2117.69
42121.00,2108.92
42122.00,2114.76
42123.00,2106.85
42124.00,2085.51
42125.00,2108.29
42128.00,2114.49
42129.00,2089.46
42130.00,2080.15
42131.00,2088
42132.00,2116.1
42135.00,2105.33
42136.00,2099.12
42137.00,2098.48
42138.00,2121.1
42139.00,2122.73
42142.00,2129.2
42143.00,2127.83
42144.00,2125.85
42145.00,2130.82
42146.00,2126.06
42149.00,0
42150.00,2104.2
42151.00,2123.48
42152.00,2120.79
42153.00,2107.39
42156.00,2111.73
42157.00,2109.6
42158.00,2114.07
42159.00,2095.84
42160.00,2092.83
42163.00,2079.28
42164.00,2080.15
42165.00,2105.2
42166.00,2108.86
42167.00,2094.11
42170.00,2084.43
42171.00,2096.29
42172.00,2100.44
42173.00,2121.24
42174.00,2109.99
42177.00,2122.85
42178.00,2124.2
42179.00,2108.58
42180.00,2102.31
42181.00,2101.49
42184.00,2057.64
42185.00,2063.11
42186.00,2077.42
42187.00,2076.78
42188.00,0
42191.00,2068.76
42192.00,2081.34
42193.00,2046.68
42194.00,2051.31
42195.00,2076.62
42198.00,2099.6
42199.00,2108.95
42200.00,2107.4
42201.00,2124.29
42202.00,2126.64
42205.00,2128.28
42206.00,2119.21
42207.00,2114.15
42208.00,2102.15
42209.00,2079.65
42212.00,2067.64
42213.00,2093.25
42214.00,2108.57
42215.00,2108.63
42216.00,2103.84
42219.00,2098.04
42220.00,2093.32
42221.00,2099.84
42222.00,2083.56
42223.00,2077.57
42226.00,2104.18
42227.00,2084.07
42228.00,2086.05
42229.00,2083.39
42230.00,2091.54
42233.00,2102.44
42234.00,2096.92
42235.00,2079.61
42236.00,2035.73
42237.00,1970.89
42240.00,1893.21
42241.00,1867.61
42242.00,1940.51
42243.00,1987.66
42244.00,1988.87
42247.00,1972.18
42248.00,1913.85
42249.00,1948.86
42250.00,1951.13
42251.00,1921.22
42254.00,0
42255.00,1969.41
42256.00,1942.04
42257.00,1952.29
42258.00,1961.05
42261.00,1953.03
42262.00,1978.09
42263.00,1995.31
42264.00,1990.2
42265.00,1958.03
42268.00,1966.97
42269.00,1942.74
42270.00,1938.76
42271.00,1932.24
42272.00,1931.34
42275.00,1881.77
42276.00,1884.09
42277.00,1920.03
42278.00,1923.82
42279.00,1951.36
42282.00,1987.05
42283.00,1979.92
42284.00,1995.83
42285.00,2013.43
42286.00,2014.89
42289.00,2017.46
42290.00,2003.69
42291.00,1994.24
42292.00,2023.86
42293.00,2033.11
42296.00,2033.66
42297.00,2030.77
42298.00,2018.94
42299.00,2052.51
42300.00,2075.15
42303.00,2071.18
42304.00,2065.89
42305.00,2090.35
42306.00,2089.41
42307.00,2079.36
42310.00,2104.05
42311.00,2109.79
42312.00,2102.31
42313.00,2099.93
42314.00,2099.2
42317.00,2078.58
42318.00,2081.72
42319.00,2075
42320.00,2045.97
42321.00,2023.04
42324.00,2053.19
42325.00,2050.44
42326.00,2083.58
42327.00,2081.24
42328.00,2089.17
42331.00,2086.59
42332.00,2089.14
42333.00,2088.87
42334.00,0
42335.00,2090.11
42338.00,2080.41
42339.00,2102.63
42340.00,2079.51
42341.00,2049.62
42342.00,2091.69
42345.00,2077.07
42346.00,2063.59
42347.00,2047.62
42348.00,2052.23
42349.00,2012.37
42352.00,2021.94
42353.00,2043.41
42354.00,2073.07
42355.00,2041.89
42356.00,2005.55
42359.00,2021.15
42360.00,2038.97
42361.00,2064.29
42362.00,2060.99
42363.00,0
42366.00,2056.5
42367.00,2078.36
42368.00,2063.36
42369.00,2043.94
